subreddit,title,text,score,url,num_comments,created,top_comments,post_sentiment,post_sentiment_label,comment_sentiment,comment_sentiment_label
CryptoCurrency,"Daily Crypto Discussion - July 27, 2025 (GMT+0)","**Welcome to the Daily Crypto Discussion thread. Please read the disclaimer and rules before participating.**

¬†

# Disclaimer:

Consider all information posted here with several liberal heaps of salt, and always cross check any information you may read on this thread with known sources. Any trade information posted in this open thread may be highly misleading, and could be an attempt to manipulate new readers by known ""pump and dump (PnD) groups"" for their own profit. BEWARE of such practices and exercise utmost caution before acting on any trade tip mentioned here.

**Please be careful about what information you share and the actions you take.** Do not share the amounts of your portfolios (why not just share percentage?). Do not share your private keys or wallet seed. Use strong, non-SMS 2FA if possible. Beware of scammers and be smart. Do not invest more than you can afford to lose, and do not fall for pyramid schemes, promises of unrealistic returns (get-rich-quick schemes), and other common scams.

¬†

# Rules:

* All [sub rules](https://www.reddit.com/r/CryptoCurrency/about/rules/) apply in this thread. The prior exemption for karma and age requirements is no longer in effect.
* Discussion topics must be related to cryptocurrency.
* Behave with civility and politeness. Do not use offensive, racist or homophobic language.
* Comments will be sorted by newest first.

¬†

# Useful Links:

* [**Beginner Resources**](https://www.reddit.com/r/CryptoCurrency/wiki/beginner_resources)
* [**Intro to** **r/Cryptocurrency** **MOONs üåî**](https://www.reddit.com/r/CryptoCurrency/comments/gj96lb/introducing_rcryptocurrency_moons/)
* [**MOONs Wiki Page**](https://www.reddit.com/r/CryptoCurrency/wiki/moons_wiki/)
* [**r/CryptoCurrency** **Discord**](https://discord.gg/ZuU9Gqeqmy)
* [**r/CryptoCurrencyMemes**](https://www.reddit.com/r/cryptocurrencymemes)
* [**Prior Daily Discussions**](https://www.reddit.com/r/CryptoCurrency/search?q=title%3A%22Daily+Crypto+Discussion+-+%22+&restrict_sr=on&sort=new&t=all) \- (Link fixed.)
* [**r/CryptoCurrencyMeta**](https://www.reddit.com/r/CryptoCurrencyMeta/) \- Join in on all meta discussions regarding r/CryptoCurrency whether it be moon distributions or governance.

¬†

# Finding Other Discussion Threads

Follow a mod account below to be notified in your home feed when the latest r/CC discussion thread of your interest is posted.

* u/CryptoDaily- ‚Äî Posts the Daily Crypto Discussion threads.
* u/CryptoSkeptics ‚Äî Posts the Monthly Skeptics Discussion threads.
* u/CryptoOptimists- ‚Äî Posts the Monthly Optimists Discussion threads.
* u/CryptoNewsUpdates ‚Äî Posts the Monthly News Summary threads.",28,https://www.reddit.com/r/CryptoCurrency/comments/1ma86c7/daily_crypto_discussion_july_27_2025_gmt0/,338,2025-07-27 00:01:07,"We've launched a r/CryptoCurrency and Moons Discord! Join to chat about crypto and moons, sign up for news, governance, and other alerts, and watch burns as they happen! https://discord.gg/ZuU9Gqeqmy


*I am a bot, and this action was performed automatically. Please [contact the moderators of this subreddit](/message/compose/?to=/r/CryptoCurrency) if you have any questions or concerns.*
---
Barely 48 hours after the doomers missed the market-crash prediction for the 97th time this bull run, and BTC's right back up to 119k again. The demand for BTC & ETH right now is staggering.
---
$1.8B in ETH ETF inflows this week vs $73MM for BTC. You had one job, buy ETHü§≠
---
ETH surpasses combined market cap of HSBC and American Express and whales are stacking at a rate NEVER seen before. Hope you're ready because you'll wish you bought at $4k
---
Thoughts on link these days fellas? Future of finance or dinocoin?
---
my dip buying bag just keeps on getting bigger
---
I'm ready for God candles. We've been so patient.
---
BREAKING: President Trump says the US has reached a trade deal with the EU. 

The deal includes: 

1. Agreement to open up trade at 0% tariff 

2. EU to buy up to $750B of US energy 

3. EU to purchase ‚Äúvast amounts‚Äù of US auto 

4. Tariffs on automobiles reduced to 15% 

Trump calls this ‚Äúthe biggest deal ever reached.‚Äù
---
So strange to see a Sunday pump
---
Eth going to 3900 today",0.9693,Positive,0.8939,Positive
CryptoCurrency,Moon Week 64,"Welcome to Moon Week for round 64 of Moons! For more information about Moons, please [see our wiki page here](https://www.reddit.com/r/CryptoCurrency/wiki/moons_wiki). 

We are using Snapshot for voting directly with the Moon balance in your wallet, in a transparent and open manner. For now all Moons held in self-hosted wallets at the time of poll creation will be eligible to vote, so if you are holding Moons on an exchange, the telegram TipBot or in a wallet that you are not comfortable connecting to snapshot then please be sure to transfer your Moons to a self-hosted wallet that you are comfortable connecting to snapshot before each Moon Week. 

For more information about governance polls, please [see the Moons Wiki here](https://www.reddit.com/r/CryptoCurrency/wiki/moons_wiki/#wiki_governance).


## Moons Discord
 
We have [launched a Moons Discord](https://www.reddit.com/r/CryptoCurrency/comments/1jiv9ce/introducing_the_moons_discord/)! Come [join our new community here](https://discord.gg/ZuU9Gqeqmy). 

* Sign up for notifications for Moons news, governance polls, or events. 
* Check out the #burns channel to see burns in real time
* Check out the Moons tipbot kindly run by the telegram bot dev


# Governance Polls

Here's your poll(s) for this round of Moons:

* [CCIP-115 - Moons Trading Contest](https://snapshot.box/#/s:cryptomods.eth/proposal/0x2c5aff8a48e77622fcb58982ec1d586f272b8986255286cc2089446b44d82c84) - [(Discussion Link)](https://www.reddit.com/r/CryptoCurrency/comments/1m8nv6f/ccip115_moons_trading_contest/)
* [CCIP-116 - Adjust the CC Supporter program](https://snapshot.box/#/s:cryptomods.eth/proposal/0xbd99362fe9aa359db02a2ed0c1ac660fbbebfe1f2a897680f29668b269ba9bed) - [(Discussion Link)](https://www.reddit.com/r/CryptoCurrency/comments/1m8nw75/ccip116_adjust_the_cc_supporter_program/)

# Previous Polls and results
* **Passed** [CCIP-114 - Daily Discussion Time](https://snapshot.box/#/s:cryptomods.eth/proposal/0xb28254866020e587aa831031ef4541aee78126ee8ab34c410c9ca0b26e6f9cc6) - [(Discussion Link)](https://www.reddit.com/r/CryptoCurrency/comments/1lkzito/ccip114_daily_discussion_time/)

You can view [the full CCIP list here](https://docs.google.com/spreadsheets/d/1LhhqB4UAezNMdAwjV3evFXPD2x1JFCFHdnm8rmyRqAE/edit?usp=sharing). For push notifications about polls, [join our discord](https://discord.gg/ZuU9Gqeqmy) and visit the #subscriptions channel

----------

#Distributions

Please review [this snapshot report](https://1drv.ms/x/c/dcb53f391cee5d9a/EVX8NSzjiO1Gi_13TXW9RGgBwiRNEVgelX58qzJeuZNfXw?e=2OmqR2) to determine your expected MOON earnings from the past 28 days.

Receipts for your comment and post earnings can be found on the report tab named ""Snapshot Data"". 

If you believe you have identified any distribution errors, please send a message to mod mail for our team to review

To find your balance, please go [here](https://www.reddit.com/message/compose/?to=CommunityCurrencyBot&subject=Balance%20Inquiry&message=Please%20show%20my%20Community%20Currency%20balances).
For the latest guide on every other bot command, click [here](https://www.reddit.com/r/CryptoCurrency/s/KFyhlHHygn)",22,https://www.reddit.com/r/CryptoCurrency/comments/1m8p61u/moon_week_64/,34,2025-07-25 03:53:18,"Moons rule!
---
![gif](giphy|1jCs6Doz3WRtOPl6bq)
---
among hundreds of spreadsheets that I happen to view while at work, this is far the best!
---
This trading contest idea looks cool! :D
---
Is there a way to view the snapshot report on your own during mid month?
---
And what a Moon week this is, major gains and this is just the tip of the iceberg
---
New cheese balls!
---
Oh no, I was beaten by u/Automoderator again! xD

Over 7800 users earning atleast fractions of MOON is impressive though!
---
When these things take off, these small free gains are gonna feel great. Keep stacking.
---
Where is the best instruction guide for how to get your moons off your Reddit wallet?",0.9339,Positive,0.9856,Positive
CryptoCurrency,Bitcoin nears $120K as analysis predicts 'larger price swings' next,,97,https://cointelegraph.com/news/bitcoin-nears-120k-as-analysis-predicts-larger-price-swings-next?utm_source=feedly_feed&utm_medium=rss&utm_campaign=rss_partner_inbound,17,2025-07-27 18:40:02,"Big short squeeze above 120K
---
> 'larger price swings'


which direction?¬† (:
---
Larger price swings than an unspecified level, in an unspecified direction.¬†¬†


Thank you, analyst.
---
I have little doubt that Bitcoin will rise higher, but TA is never a guarantee. There's always too many unknown variables in crypto
---
tldr; Bitcoin surged above $119,000, nearing $120,000, as it rebounded from two-week lows around $114,500. Analysts highlighted key levels, with $119.5K and $120K as critical resistance points for further upward movement. Liquidation clusters and exchange order-book liquidity suggest potential price swings between $113.6K and $121K. Market participants anticipate heightened volatility, with short liquidations potentially exceeding $1.1 billion if Bitcoin challenges its all-time high near $123,000.

*This summary is auto generated by a bot and not meant to replace reading the original article. As always, DYOR.
---
I predict high volatility after low volatility finishes. I am the journalist now.
---
should 120K be the level to watch?",0.0,Neutral,-0.5608,Negative
CryptoCurrency,Her: I like guys who take big risks,,452,https://i.redd.it/nk38em3ewdff1.jpeg,39,2025-07-27 09:17:07,"You and me both, partner
---
Still good if you got that BTC at less than 7000$ and everything you can do is...patience.
---
This is me,I am him
---
so you bought in the range of 6500-7000 so now you made more than 10X, where is the problem? ( I know its a joke)
---
I'm doing the opposite and I feel I'm not risking at all üòÖ
---
You should spend more time on wallstreetbets, you should have buy the highs and sell the lows
---
It‚Äôs quite well done actually
---
Never selling?
---
Like if people at crypto had a Her. We only know one her and its our mother.
---
I bought that dip, and I made a loss, AMA",0.1027,Positive,-0.2535,Negative
CryptoCurrency,"BNB hits a new all-time high, briefly topping $827",,90,https://www.reddit.com/gallery/1mass6w,39,2025-07-27 17:52:03,"I remember when i first had some BNB at $10. Ended up selling at $60 and getting happy at my profit. I feel like a lot of crypto is filled with ‚Äúif only I didn‚Äôt sell all of it‚Äù
---
I feel like BNB topping 1k will be the Kickstarter for altseason.
---
New highs fuel headlines. Smart money checks who‚Äôs left to buy.

We track that shift. Get the real read.
---
What is so special about it?
---
Do you guys smell that? It‚Äôs Alt Season
---
Ugh don't remind me. I had a lawyer mess up a simple document that forced me to liquidate close to 90k BNB when it wasn't worth shit... that single lawyer alone cost me more than entire communities make in their lifetimes just because he didn't listen to me when I told him how to structure a deal. He hit me with the ""I'm a lawyer, this is what I do"" speech one day one and then 90 days later called me in the middle of the night with a whole different vibe talking about needing to shut everything down.

The model I had suggested was proven 100% legal, btw he was just too stupid to understand that.
---
 wow my head it was like still on the 300s level
---
Why oh whyyyy didnt I buy BNB few years ago. What a tool I am
---
Wow, nice
---
Don‚Äôt worry it will go down to $400 at least. Either that or I will be unalived soon.",0.0,Neutral,0.9358,Positive
CryptoCurrency,"DeFiance Capital (most likely) purchased 30,366 ETH worth $114M","**Key Takeaways:**

* Whale address 0xF436 connected to DeFinance Capital acquired 30,366 ETH worth $114 million over 28 hours.
* This accumulation highlights growing institutional interest in Ethereum.
* Large-scale buys often precede upward price momentum and reduce available supply on exchanges.
* Traders should monitor ETH's price action around critical support levels, such as $3,500.
* Potential opportunities to trade Ethereum's price action around $3,500 and $4,000 resistance levels.

",29,https://blockchain.news/flashnews/whale-0xf436-linked-to-defiance-capital-purchases-30-366-eth-114m-major-ethereum-eth-accumulation-signals-market-shift,4,2025-07-27 18:45:14,"Nothing can stop $ETH from smashing past its all-time highs
---
ETH really rocking out there, we've been waiting so long!
---
Altseason is soon!

Hopefully we don't jinx it tho.",0.8591,Positive,0.6336,Positive
CryptoCurrency,Time Flies,,829,https://i.redd.it/lxxu9apekaff1.png,19,2025-07-26 22:09:34,"What the emoji for haemorrhoid, or perhaps anal fissure? Maybe ü™±would do for the first.
---
Followed by a dead leg when you finally get up
---
Finally some spare time to look at >15years of charts
---
Poor network in bathroom
---
The funniest thing about all this is that I‚Äôm in the toilet right now and I‚Äôm watching this alternately with Binance xD
---
Replace the phone with a book and that's my roommate. I've had to yell through the door to stop reading and finish up after clocking him at 45+ minutes. Had to pee in several bottles because of stuff like this
---
I cant feel my legs.",0.0,Neutral,0.0772,Positive
CryptoCurrency,GENIUS Act to spark wave of ‚Äòkiller apps‚Äô and new payment services,,34,https://cointelegraph.com/news/genius-act-stablecoin-shift-payment-utility,18,2025-07-27 14:46:55,"These trio of bills don‚Äôt help working people

They are designed to exponentially help corporations and wealthy people

Go on, look it up yourself
---
Yeah why don't we just let companies print dollars? They would innovate!  Stupidest shit i've ever heard. What the government should do is buy Zelle and regylate it. That would be like the system they have in Brazil where you can do electronic payments anywhere. 

All this shit is so they can default on the debt and still be rich. It won't work though.
---
tldr; The GENIUS Act, recently passed in the U.S., aims to reshape the stablecoin landscape by separating interest-bearing stablecoins from payment-focused ones. This regulatory clarity is expected to drive innovation in payment services and 'killer apps,' with companies like Mastercard, PayPal, and Polygon exploring new use cases such as cross-border payments and micropayments. The act aligns U.S. regulations closer to the EU's MiCA framework and emphasizes utility over yield, fostering adoption in real-world commerce and decentralized finance (DeFi).

*This summary is auto generated by a bot and not meant to replace reading the original article. As always, DYOR.
---
BTC trading at 2013 levels and people talking about how the US government is gonna make BTC better. All time top signal if I've ever seen one
---
Every few days we hear of stuff like this, but very rarely does anything actually come of it
---
[deleted]
---
Flexa/amp üí™
---
I‚Äôm investing in stable coins!  I‚Äôll be rich!  Volume, volume, volume!",0.2263,Positive,0.9518,Positive
CryptoCurrency,"Crypto Ownership Among U.S. Investors Has Surged 8x Since 2018, Survey Finds",,56,https://www.coindesk.com/business/2025/07/26/crypto-still-seen-as-risky-among-u-s-investors-despite-ownership-surging-8x-since-2018-survey,7,2025-07-27 09:14:35,"and yet, is a niche industry!


interesting times ahead
---
I'm not surprised. People always want a new investment, and say what you want about crypto, bitcoins price has been steadily increasing
---
Trying to get rich enough to flee the country
---
How much of that increase is Microstrategy? üòÖ
---
Wait till 401k money comes rushing in. I feel like smart money is buying now and prepping to sell a few months after the floodgates open.",0.0,Neutral,0.919,Positive
CryptoCurrency,The Defense Against CBDC Could Come From The States,,11,https://peakd.com/hive-167922/@taskmaster4450/the-defense-against-cbdc-could-come-from-the-states-fve,5,2025-07-27 15:38:49,"The defense against CBDC comes from the individual, doesn't matter where.

Use peer to peer electronic cash (decentralized currency), accept it in your business, and we can build a sound monetary system from the ground up, no central banks needed.
---
What CBDCs?

No one in the US is even proposing a CBDC. They're only in other countries.

This author is getting stablecoins mixed up with CBDCs.",0.128,Positive,-0.0961,Negative
Bitcoin,Bitcoin Newcomers FAQ - Please read!,"# Welcome to the /r/Bitcoin Newcomers FAQ

You've probably been hearing a lot about Bitcoin recently and are wondering what's the big deal?  Most of your questions should be answered by the resources below but if you have additional questions feel free to ask them in the comments.  

It all started with the release of **[Satoshi Nakamoto's whitepaper](https://bitcoin.org/bitcoin.pdf)** however that will probably go over the head of most readers so we recommend the following articles/books/videos as a good starting point for understanding how Bitcoin works and a little about its long term potential:

* [Article: The Bullish Case for Bitcoin](https://medium.com/@vijayboyapati/the-bullish-case-for-bitcoin-6ecc8bdecc1)
* [Book: The Bitcoin Standard](https://www.amazon.com/Bitcoin-Standard-Decentralized-Alternative-Central/dp/1119473861) - or [download a free copy here](http://cryptache.ro/wp-content/uploads/2021/04/The-Bitcoin-Standard-The-Decentralized-Alternative-to-Central-Banking-PDF-Room.pdf)
* [Video 1: An introduction to Bitcoin - Wences Casares](https://www.youtube.com/watch?v=IAFKJVLNVQA)
* [Video 2: The Stories We Tell About Money - Andreas Antonopoulos](https://www.youtube.com/watch?v=ONvg9SbauMg)
* [Video 3: The Bitcoin Standard - Saifdean Ammous](https://www.youtube.com/watch?v=Zbm772vF-5M&t=286s) 
* [Video 4: Bitcoin 101 - Balaji Srinivasan](https://www.youtube.com/watch?v=JIxwTx7o_B4)

Some other great educational resources include;

* The [Satoshi Nakamoto Institute](http://nakamotoinstitute.org/mempool/) (check them out!)  
* Swan [Bitcoin Canon](https://www.swanbitcoin.com/canon/)
* Michael Saylor's [Hope.com](https://hope.com/) and [""Bitcoin for Everybody""'](https://learn.saylor.org/course/view.php?id=468) course
* Jameson Lopp's [resource page](http://lopp.net/bitcoin.html)
* Gigi's [resource page](https://bitcoin-resources.com/#bitcoin-non-technical)
* James D'Angelo's [Bitcoin 101 Blackboard series](https://www.youtube.com/watch?v=Bhe61JaNFLU&list=PLzctEq7iZD-7-DgJM604zsndMapn9ff6q&index=7&t=0s)
* Parker Lewis's [Gradually Then Suddenly series](https://unchained.com/blog/category/gradually-then-suddenly/)
* Some Bitcoin statistics can be found here ([1](https://www.lookintobitcoin.com/), [2](https://data.bitcoinity.org/bitcoin/hashrate/6m?c=m&g=15&r=week&t=a), [3](https://bitcoinvisuals.com/), [4](https://bitcoin.clarkmoody.com/dashboard/), [5](https://studio.glassnode.com/workbench/btc-price-performance-since-halving), [6](https://augmentedcoin.io/btc), [7](https://nakamotoportfolio.com/nakamoto/start)).
* A Reading List of [Advanced Bitcoin Books](https://new.reddit.com/r/Bitcoin/comments/1c5fjhn/advanced_bitcoin_reading_list_curriculum_in_order/)  

If you are technically or academically inclined check out;

* Developer resources ([1](https://developer.bitcoin.org/), [2](https://spiral.xyz/#projects)) 
* [Peer-reviewed research papers](https://docs.google.com/spreadsheets/d/1VaWhbAj7hWNdiE73P-W-wrl5a0WNgzjofmZXe0Rh5sg)
* Course lectures from both [MIT](https://ocw.mit.edu/courses/15-s12-blockchain-and-money-fall-2018/) and [Princeton](https://www.reddit.com/r/Bitcoin/comments/7qynvj/dont_panic_just_learn_sixty_free_lectures_from/) 
*  Future [protocol improvements](http://diyhpl.us/wiki/transcripts/2018-01-24-rusty-russell-future-bitcoin-tech-directions/) and [scaling resources](https://www.reddit.com/r/Bitcoin/comments/56nnd8/the_scaling_bitcoin_website_is_awesome_videos/).  

MicroStrategy's [Bitcoin for Corporations](https://www.microstrategy.com/en/resources/events/world-2021/bitcoin-summit?CID=7014W0000014yhJQAQ) is an excellent open source series on corporate legal and financial Bitcoin integration.

You can also see the number of times Bitcoin was [declared dead by the media](https://99bitcoins.com/obituary-stats) (LOL!)

## Key properties of Bitcoin

* **Limited Supply** - There will only ever be a [maximum of 21,000,000 bitcoins created](https://www.reddit.com/r/Bitcoin/comments/10h04a6/this_is_how_we_know_theres_only_21_million_bitcoin/) and they are issued in a predictable fashion per the [inflation schedule](https://bashco.github.io/Bitcoin_Monetary_Inflation/).  Once they are all issued Bitcoin will be truly deflationary.  The [halving countdown](http://bitcoinblockhalf.com/) tells you approximately how much time until the next block reward halving.
* **Open source** - Bitcoin code is fully auditable.  You can read and contribute to the [source code](https://github.com/bitcoin/bitcoin) yourself.
* **Accountable** - The public ledger is transparent, all transactions are [seen by everyone](https://blockstream.info/).
* **Decentralized** - Bitcoin is globally distributed across thousands of nodes with no single point of failure and as such can't be shut down similar to how [Bittorrent](https://en.wikipedia.org/wiki/BitTorrent) works.  You can even [run a node on a Raspberry Pi](https://getumbrel.com/).  
* **Censorship resistant** - No one can prevent you from interacting with the Bitcoin network and no one can censor, alter or block transactions that they disagree with, see [Operation Chokepoint](https://en.wikipedia.org/wiki/Operation_Choke_Point).
* **Push system** - There are [no chargebacks](https://gendal.me/2013/10/21/lessons-from-bitcoin-push-versus-pull/) in Bitcoin because only the person who owns the address where the bitcoin resides has the authority to move them.
* **Borderless** - No country can stop it from going in/out, even in areas currently unserved by traditional banking as the ledger is [globally distributed](https://bitnodes.io/nodes/live-map/).
* **Trustless** - Bitcoin solved the [Byzantine's Generals Problem](https://en.wikipedia.org/wiki/Byzantine_fault_tolerance) which means nobody needs to trust anybody for it to work.
* **Pseudonymous** - No need to [expose personal information](https://buybitcoinworldwide.com/anonymity/) when purchasing with cash or transacting. 
* **Secure** - Blocks and transactions are cryptographically secured (using hashes and signatures) and can‚Äôt be [brute forced](http://i.imgur.com/fYFBsqp.jpg) or confiscated with proper key management such as hardware wallets.
* **Programmable** - Individual units of bitcoin can be [programmed to transfer](https://en.bitcoin.it/wiki/Script) based on certain criteria being met
* **Divisible** - Each bitcoin can be [divided down to 8 decimals](https://en.bitcoin.it/wiki/Satoshi_(unit\)), which means you don't have to worry about buying an entire bitcoin. 
* **Nearly instant** - From a few seconds on the Lightning Network to a [few minutes](https://www.blockchain.com/charts/median-confirmation-time) on-chain depending on need for confirmations.  Transactions are irreversible by normal users after one confirmation and irreversible by anyone (including miners) after 6 confirmations. 
* **Peer-to-peer** - No intermediaries taking a cut, no need for [trusted third parties](https://nakamotoinstitute.org/trusted-third-parties/).
* **Designed Money** - Bitcoin was created to fit all the [fundamental properties of money](https://imgur.com/a/5w3l2A6) better than gold or fiat.
* **Portable** - Bitcoin are digital so they are easier to move than cash or gold.  They can be transported by simply carrying a seed (a string of 12 to 24 words) on a device or by [memorizing it for wallet recovery](https://en.bitcoin.it/wiki/Brainwallet) (while cool, memorizing is generally not recommended due to potential for forgetting the seed and the potential for insecure key generation by inexperienced users.  Hardware wallets are the preferred method for most users for their ease of use and additional security).
* **Low fee scaling** - Most wallets calculate on chain fees automatically but you can view [fee estimates](https://river.com/learn/how-bitcoin-fees-work/) and [mempool activity](https://jochen-hoenicke.de/queue/#0,2w) if you want to set your fee manually.  On chain fees may rise occasionally due to network demand, however instant micropayments that do not require confirmations are happening via the [Lightning Network](https://lightning.network/), an open source second layer payment protocol built on top of the Bitcoin blockchain. The Lightning Network enables Bitcoin users to instantly send and receive bitcoin with fees so low that they are negligible.
* **Scalable** - While the protocol is still being optimized for [increased transaction capacity](https://en.bitcoin.it/wiki/Scalability), blockchains do not scale very well, so most transaction volume is expected to occur on Layer 2 networks built on top of Bitcoin.

## Where can I buy bitcoin?

[Bitcoin.org](https://bitcoin.org/en/buy) and [BuyBitcoinWorldwide.com](https://www.buybitcoinworldwide.com/) are helpful sites for beginners.  You can buy or sell any amount of bitcoin (even just a few dollars worth) and there are several easy methods to purchase bitcoin with cash, credit card or bank transfer.  Some of the more popular places to buy bitcoin are listed below.

* [Strike](https://strike.me/)
* [Cash App](https://cash.app/)
* [Swan](https://www.swanbitcoin.com/)
* [River Financial](https://river.com/)
* [Bull Bitcoin](https://www.bullbitcoin.com/) 
* [Bitcoin Well](https://bitcoinwell.com/) 
* [Relai](https://relai.app/)
* [LibertyX](https://libertyx.com/)
* [CoinCorner](https://www.coincorner.com/)
* [Bisq](https://bisq.network/) (decentralized & P2P)
* [HodlHodl](https://hodlhodl.com/?filters%5Bcurrency_code%5D=USD) (P2P)
* [List of peer-to-peer exchanges](https://github.com/cointastical/P2P-Trading-Exchanges/)
* [Debifi](https://debifi.com/) (non-custodial lending)

You can also purchase in cash with [local ATMs](http://coinatmradar.com/). If you would like your paycheck automatically converted to bitcoin try [Bitwage](https://www.bitwage.com/).  

**Note:** Bitcoin are valued at whatever [market price](https://aggr.trade/1m1h) people are willing to pay for them in balancing act of supply vs demand. Unlike traditional markets, bitcoin markets operate 24 hours per day, 365 days per year. 

## Securing your bitcoin

With Bitcoin you can **""Be your own bank""** and personally secure your bitcoin **OR** you can use third party companies aka **""Bitcoin banks""** which will hold your bitcoin for you.

* If you prefer to **""Be your own bank""** and have direct control over your coins without having to use a trusted third party, then you will need to create your own wallet and keep it secure. If you want easy and secure storage without having to learn best computer security practices, then a hardware wallet such as a [BitBox02](https://bitbox.swiss/bitbox02/),  [Trezor](https://www.trezor.io/), [ColdCard](https://coldcardwallet.com/), or [Blockstream Jade](https://blockstream.com/jade/) is recommended. You can even build your own open source hardware wallets called a [SeedSigner](https://seedsigner.com/) or [Krux](https://selfcustody.github.io/krux/).

* If you cannot afford a hardware wallet there are many [software wallet](https://bitcoin.org/en/choose-your-wallet) options to choose from depending on your use case.  Mobile wallets like [BlueWallet](https://bluewallet.io/) are generally more secure than desktop wallets.  Beware of fake mobile wallets and check reviews from reputable Bitcoin websites.  Avoid paper wallets or brain wallets.

* If you prefer to work with third party **""Bitcoin banks""** to set up a collaborative custody arrangement, try [Unchained Capital](https://unchained-capital.com/) but be aware that any third party you use exposes you to third party risk.  There is a saying in the community, **""Not your keys, not your coins""**. 

**Note: For increased security, use Two Factor Authentication (2FA) everywhere it is offered, including email!** 

2FA requires a second confirmation code or a physical security key to access your account making it much harder for thieves to gain access.  Google Authenticator and Authy are the two most popular 2FA services, download links are below.  Make sure you create backups of your 2FA codes.

**Avoid using your cell number for 2FA.**  Hackers have been using a technique called ""SIM swapping"" to impersonate users and steal bitcoin off exchanges.

Google Auth | Authy | OTP Auth 
--------------|--------|------------
[Android](https://play.google.com/store/apps/details?id=com.google.android.apps.authenticator2) | [Android](https://play.google.com/store/apps/details?id=com.authy.authy&hl=en) | N/A 
[iOS](https://itunes.apple.com/us/app/google-authenticator/id388497605?mt=8) | [iOS](https://itunes.apple.com/us/app/authy/id494168017) | [iOS](https://apps.apple.com/us/app/otp-auth/id659877384) | 

Physical security keys (FIDO U2F) offer stronger security than Google Auth / Authy and other TOTP-based apps, because the secret code never leaves the device and it uses bi-directional authentication so it prevents phishing. If you lose the device though, you could lose access to your account, so always use 2 or more security keys with a given account so you have backups. See [Yubikey](https://yubikey.com/) or [Titan](https://cloud.google.com/titan-security-key) to purchase security keys.

## Running Bitcoin

You can run [Bitcoin node](https://bitcoin.stackexchange.com/questions/18736/what-is-a-bitcoin-node) software by downloading and installing [Bitcoin Core](https://bitcoincore.org) or other node software you have vetted. 

It is a best practice to verify these Bitcoin node programs you download by [checking their hashes and signatures](https://youtu.be/U0I-ImS_r8o?si=qa_gRyGPuRZq5acM). 

Don't Trust, Verify.

* https://github.com/bitcoin/bitcoin/releases
* https://bitcoincore.org
* https://bitcoin.org/en/bitcoin-core/

A verified Bitcoin node running on your own hardware is your sovereign gateway to the Bitcoin network. They can be used alongside open source software [wallets](https://en.bitcoin.it/wiki/Wallet) to send and receive Bitcoin securely. By running your own Bitcoin node, you enforce the Bitcoin ruleset, can verify transactions without trusted 3rd party middlemen, improve your Bitcoin privacy, obtain independence with local access to blockchain data, and help bolster the robustness of the Bitcoin network. By running a Bitcoin node, you are verifying that Bitcoin is Bitcoin for yourself. For more details on running a Bitcoin node see [this article](https://unchained.com/blog/why-run-bitcoin-node/). 

For wallets used alongside your Bitcoin node: If your Bitcoin wallet software is fully [open source](https://bitcoin.stackexchange.com/questions/80111/is-bitcoin-completely-open-source/80115#80115) and Bitcoin-only, then it is probably a decent wallet. Some popular examples include [sparrow wallet](https://sparrowwallet.com/) and [electrum wallet](https://electrum.org/), both of which you can connect to your own locally run Bitcoin node, and use with most Bitcoin Hardware Wallets.

## Watch out for scams

As mentioned above, Bitcoin is decentralized, which by definition means there is no official website or Twitter handle or spokesperson or CEO. However, all money attracts thieves. This combination unfortunately results in scammers running official sounding names or pretending to be an authority on YouTube or social media. Many scammers throughout the years have claimed to be the inventor of Bitcoin. Websites like bitcoin(dot)com and the r / btc subreddit are active scams.  Almost all altcoins are marketed heavily with big promises but are really just designed to separate you from your bitcoin.  So be careful: any resource, including all linked in this document, may in the future turn evil.  As they say in our community, **""Don't trust, verify""**. 

* Avoid using ad-based search engines like Google or Yahoo: ads are shown based on how much the advertiser bids, and scammers can easily outbid legitimate providers for ad space, since immoral ways of earning money are far more lucrative than moral ways.  Use [DuckDuckGo](https://duckduckgo.com/) instead, which has no ads, and never tracks you as well.
* Ignore private messages offering services.
* **Never enter your seed words in a website of any kind.** Hardware wallets will recover by displaying possible seed words on their own interface, never on a website.
* **Always check addresses on your hardware wallet before sending or receiving.**  Some malware has been known to replace addresses in your web browser or that you copy-and-paste.
* Avoid clicking on links like that look like links, such as [https://www.google.com/](https://www.youtube.com/watch?v=8ybW48rKBME), without first hovering over it and actually checking where they go to.  Just because a link is labelled with an HTTPS address does not mean it actually sends you to that address.  It is trivial for someone to comment a link on Reddit that looks like it will send you to one website when it actually sends you to another, and you might not notice the difference until a scammer has gotten all your money, or you have downloaded and installed software that steals your money.

## Common Bitcoin Myths
Often the same concerns arise about Bitcoin from newcomers.  Questions such as:

* Will quantum computers break Bitcoin?
* Will governments ban Bitcoin?
* Is Bitcoin a Ponzi scheme?

All of these questions have been answered many times by a variety of people.  Here are some resources where you can see if your concern has been answered:

* [Common Bitcoin Myths](https://en.bitcoin.it/wiki/Myths)
* [Gradually, Then Suddenly](https://nakamotoinstitute.org/mempool/series/gradually-then-suddenly/)
* [Every Reason Bitcoin Will Not Fail](https://safehodl.github.io/failure/)
* [The Best Articles Debunking Bitcoin FUD](https://endthefud.org/)
* [Why Bitcoin is Not a Ponzi Scheme: Point by Point](https://www.swanbitcoin.com/why-bitcoin-is-not-a-ponzi-scheme-point-by-point/)

## Where can I spend bitcoin?

Check out [Spendabit](https://spendabit.co/), [Bitcoin Directory](http://bitcoin.directory/shop), or [Coinmap](http://coinmap.org/) for a plethora of merchant options. You can also spend bitcoin anywhere Visa is accepted with bitcoin debit cards such as the [CashApp card](https://cash.app/help/us/en-us/3080-cash-card-get-started), [Fold card](https://foldapp.com/) or other bitcoin debit cards.  Some other useful site are listed below.

Store | Product
---|---
[Bitrefill](https://bitrefill.com), [Gyft](http://www.gyft.com/), and [Fold App](https://foldapp.com/)  | Gift cards for thousands of retailers worldwide including Amazon, Target, Walmart, Starbucks, Whole Foods, CVS, Lowes, Home Depot, iTunes, Best Buy, Sears, Kohls, eBay, GameStop, etc.
[Spendabit](https://spendabit.co/), [Overstock](http://www.overstock.com/), and [The Bitcoin Directory](http://bitcoin.directory/) | Retail shopping with millions of results
[NewEgg](http://www.newegg.com/) and [Dell](http://www.dell.com/) | For all your electronics needs
[Bitrefill](https://www.bitrefill.com/buy/worldwide/bill/), [Bylls](https://bylls.com), [LivingRoomofSatoshi](https://www.livingroomofsatoshi.com), [Swapin](https://www.swapin.com/) and [Coins.ph](https://coins.ph) | Bill payment
[Menufy](https://www.menufy.com/) and [Takeaway](http://corporate.takeaway.com/) | Takeout delivered to your door
[Expedia](http://www.expedia.com/), [Cheapair](http://www.cheapair.com/), [Destinia](http://destinia.us/), [SkyTours](http://www.sky-tours.com/), the [Travel](https://www.gyft.com/buy-gift-cards/category/travel/) category on Gyft and [9flats](http://www.9flats.com/) | For when you need to get away
[Cryptostorm](https://cryptostorm.is), [Mullvad](https://mullvad.net), and [PIA](https://www.privateinternetaccess.com/) | VPN services
[Namecheap](https://www.namecheap.com/), [Porkbun](https://porkbun.com/) | Domain name registration
[Stampnik](https://stampnik.com) | Discounted USPS Priority, Express, First-Class mail postage

There are also [lots of charities](https://www.reddit.com/r/changetip/wiki/suggestions) which accept bitcoin donations.

## Merchant Resources

There are several benefits to accepting bitcoin as a payment option if you are a merchant;

* 1-3% savings over credit cards or PayPal.
* No chargebacks (final settlement in 10 minutes as opposed to 3+ months).
* Accept business from a global customer base.
* Convert 100% of the sale to the currency of your choice for deposit to your account, or choose to keep a percentage of the sale in bitcoin if you wish to begin accumulating it.  

If you are interested in accepting bitcoin as a payment method, there are several options available;

* [BTCPay Server](https://btcpayserver.org/)
* [Zaprite](https://zaprite.com/product)
* [Square cash](https://cash.me/)
* [Stripe](https://stripe.com/bitcoin)
* [Blockonomics](https://www.blockonomics.co/merchants#) (direct to your wallet)
* [CoinCorner Checkout](https://www.coincorner.com/checkout)

## Can I mine bitcoin?

Mining bitcoin can be a fun learning experience, but be aware that you will most likely operate at a loss.  Newcomers are often advised to stay away from mining unless they are only interested in it as a hobby similar to [folding at home](https://foldingathome.org/?lng=en).  If you want to learn more about mining you can read the [mining FAQ](https://en.bitcoin.it/wiki/Faq#Mining). Still have mining questions?  The crew at /r/BitcoinMining would be happy to help you out. 

If you want to contribute to the Bitcoin network by hosting the blockchain and propagating transactions there are many [great resources](https://raspibolt.org/) you can use to [run a full node](https://river.com/learn/how-to-run-a-bitcoin-node/).  You can view the global distribution of reachable Bitcoin nodes on [this webpage.](https://bitnodes.io/nodes/live-map/)

## Earning bitcoin

Just like any other form of money, you can also earn bitcoin by being paid to do a job.

Site | Description
---|---
[WorkingForBitcoins](https://workingforbitcoins.com), [Bitwage](https://www.bitwage.com/for-individuals/), [Coinality](https://coinality.com/), [Bitgigs](http://bitgigs.com/), [/r/Jobs4Bitcoins](http://www.reddit.com/r/Jobs4Bitcoins) | Freelancing
[Lolli](https://www.lolli.com/) | Earn bitcoin when you shop online!

You can also earn bitcoin by participating as a market maker on [JoinMarket](https://github.com/chris-belcher/joinmarket) by allowing users to perform CoinJoin transactions with your bitcoin for a small fee (requires you to already have some bitcoin).

## Bitcoin-Related Projects

The following is a **short** list of ongoing projects that might be worth taking a look at if you are interested in current development in the Bitcoin space.  

Project | Description
---|---
[Lightning Network](https://lightning.engineering/index.html)| Second layer scaling
[Liquid](https://blockstream.com/liquid/) and [Rootstock](https://www.rsk.co/) | Sidechains
[Hivemind](http://bitcoinhivemind.com) | Prediction markets
[DropZone](https://github.com/17Q4MX2hmktmpuUKHFuoRmS5MfB5XPbhod/dropzone) and [Beaver](https://eprint.iacr.org/2016/464.pdf) | Decentralized markets
[JoinMarket](https://github.com/chris-belcher/joinmarket), [JAM app](https://www.youtube.com/watch?v=FbyjG2upGO8) and [Wasabi](https://docs.wasabiwallet.io/) | CoinJoin implementation
[Peer-to-Peer Exchanges](https://github.com/cointastical/P2P-Trading-Exchanges/) | Peer-to-peer exchanges
[Keybase](https://keybase.io/) | Identity & Reputation management
[Abra](https://www.goabra.com/) | Global P2P money transmitter network
[Bitcore](http://bitcore.io/) | Open source Bitcoin javascript library
[Bitcoin Knots](https://bitcoinknots.org/) | A Bitcoin Node (Within Consensus Fork of Bitcoin Core)

## Bitcoin Units

One bitcoin is worth quite a lot (thousands of ¬£/$/‚Ç¨), so people often deal in smaller units. The most common subunits are listed below:

Unit | Symbol | Value | Info
---|:---:|---|---
bitcoin | BTC | 1 bitcoin | one bitcoin is equal to 100 million satoshis
millibitcoin | mBTC | 1,000 per bitcoin | used as default unit in Electrum wallet
bit | ŒºBTC | 1,000,000 per bitcoin | colloquial ""slang"" term for microbitcoin
satoshi | sat | 100,000,000 per bitcoin | smallest unit in bitcoin, named after the inventor

For example, assuming an arbitrary exchange rate of $10,000 for one bitcoin, a $10 meal would equal:

* 0.001 BTC
* 1 mBTC
* 1,000 bits
* 100,000 sats

For more information check out the [bitcoin units wiki](https://www.reddit.com/r/BitcoinWiki/wiki/bitcoin_units).

---

**Still have questions?**  Feel free to ask in the comments below or stick around for our weekly [Mentor Monday](https://www.reddit.com/r/Bitcoin/search/?q=title%3A%22mentor+monday%22&sort=new&restrict_sr=on&t=all) thread. If you decide to post a question in /r/Bitcoin, please use the search bar to see if it has been answered before, and remember to follow the community rules outlined on the sidebar to receive a better response.  The mods are busy helping manage our community, so please do not message them unless you notice problems with the functionality of the subreddit.

**Note:** This is a community created FAQ. If you notice anything missing from the FAQ or that requires clarification, you can [edit it here](https://www.reddit.com/r/BitcoinWiki/wiki/rbitcoin_sticky) and it will be included in the next revision pending approval.  

**Welcome to the Bitcoin community and the new decentralized economy!**

Please note that this thread will be moderated and non-constructive comments will be removed.",109,https://www.reddit.com/r/Bitcoin/comments/1jwz2d3/bitcoin_newcomers_faq_please_read/,23,2025-04-11 19:59:15,"Please feel free to make [constructive edits](https://www.reddit.com/r/BitcoinWiki/wiki/rbitcoin_sticky) to the document, they will be implemented pending mod review.  Also if you have any beginner questions regarding bitcoin feel free to post them in the comments below, several community members are happy to help answer them.  Note that this thread will be moderated and non-constructive feedback will be removed.  Thanks and welcome to Bitcoin!",0.9996,Positive,0.9661,Positive
Bitcoin,"Daily Discussion, July 27, 2025","Please utilize this sticky thread for all general **Bitcoin** discussions! If you see posts on the front page or /r/Bitcoin/new which are better suited for this daily discussion thread, please help out by directing the OP to this thread instead. Thank you!

If you don't get an answer to your question, you can try phrasing it differently or commenting again tomorrow.

Please check the [previous discussion thread](https://www.reddit.com/r/Bitcoin/comments/1m9m129/daily_discussion_july_26_2025/) for unanswered questions.",30,https://www.reddit.com/r/Bitcoin/comments/1maeuvc/daily_discussion_july_27_2025/,60,2025-07-27 06:01:49,"**Historical Bitcoin prices for today, July 27th:**

2025 - $118,197

2024 - $67,813

2023 - $29,211

2022 - $22,931

2021 - $39,407

2020 - $10,991

2019 - $9,478

2018 - $8,165

2017 - $2,672

2016 - $654

2015 - $294

2014 - $595

2013 - $94

2012 - $8.9

2011 - $13.9

2010 - $0.10

**Additional Stats:**

Bitcoin's current market cap is $2.35 trillion.

Bitcoin's current block height is 907423; with the average block time for the last 7 days being 9.62 minutes and the average block size for the last 7 days being 1.53MB.

Bitcoin's mining difficulty is currently 127.62 trillion; with the next difficulty adjustment anticipated on 08-Aug-2025 (within 1,793 blocks).

Bitcoin's current block reward is 3.125‚Çø, which is worth $369,365 per block.

Bitcoin's average daily miners' revenue for the last 7 days is $56.38M; with the average daily miners' profitability for the last 7 days being $0.0596 per terahash per sec.

The next Bitcoin halving is anticipated to happen between 26-Mar-2028 to 20-Apr-2028 (within 142,577 blocks); the block reward will fall to 1.5625‚Çø.

There are currently 22,891 reachable Bitcoin nodes.

Bitcoin's average daily hashrate for the last 7 days is 942 exahashes per second.

Bitcoin's average daily trading volume for the last 7 days is $71.31 billion.

Bitcoin's average daily number of transactions for the last 7 days is 428,407.

Bitcoin's average transaction fee for the last 7 days is 5.03 sats/VB, with the average fee's USD amount being $1.42; with the median values being 1.64 sats/VB & $0.47 respectively.

There are currently 19.90M ‚Çø in circulation, leaving 1.10M to be mined.

There are currently 3.60M ‚Çø held by companies, governments, DeFi, and ETFs, representing 18.11% of circulating supply.

There are currently 55,531,356 nonzero Bitcoin addresses that contain 168.35M UTXOs.

Bitcoin's average daily price from 18-Jul-2010 to 27-Jul-2025 is $17,188.

Bitcoin's average daily price for the year 2025 is $98,519.

1 US Dollar ($) currently equals: 846 satoshis; making 1 penny equal 8.46 sats.

Bitcoin's minimum (closing) price for the year 2025 was $76,271.95 on 08-Apr-2025.

Bitcoin's maximum (closing) price for the year 2025 was $119,995.41 on 22-Jul-2025.

Bitcoin's minimum (intraday) price for the year 2025 was $74,436.68 on 07-Apr-2025.

Bitcoin's maximum (intraday) price for the year 2025 was $123,091.61 on 14-Jul-2025.

Bitcoin's largest daily decrease for the year 2025 was -$8,182.68 on 03-Mar-2025.

Bitcoin's largest daily increase for the year 2025 was +$8,216.44 on 02-Mar-2025.

Bitcoin's all-time high (intraday) was $123,091.61 on 14-Jul-2025. Bitcoin is down 3.98% from the ATH.

Bitcoin has reached an all-time high 7 days in 2025.

It has been 13 days since the last ATH.
---
Big week.. 

Digital assets framework and potential ways the government can acquire bitcoin is released this week.

As well as Strategy earnings, big profit going to be posted.

Strap in lads
---
118K and everyone is bored with it.

  
Wow.
---
It wants to go higher. I can sense it.
---
The most quiet bullrun yet.
---
Time for another Sunday fun day!
---
Reddit is very mad at Visa/Mastercard for making Steam take down games, but also [VERY mad](http://np.reddit.com/r/Games/comments/1magkk2/steam_users_are_banding_together_to_contact_visa/n5exrk6/) if you suggest there's alternative ways to pay for these things that people have chosen not to embrace.
---
This resistance from 118k through 123k is absolutely crazy. Feels like we‚Äôve been stuck at 118k for weeks.
---
We‚Äôre going to 130 this week
---
Bitcoin always pumps when the im golfing",0.9272,Positive,-0.4544,Negative
Bitcoin,That's impressive,,501,https://i.redd.it/107jvm5fneff1.png,57,2025-07-27 11:48:41,"It's very likely that in 15 years total downtime will move from .01% to .005%
---
What was the 0.01%?
---
Almost got 4 nines! IYKYK.
---
Ngl i dont understand how its not 100 percent
---
14.78 ish hours ‚Ä¶
---
What about visa and mastercard?
---
Why did the network go down? I thought it was censorship-proof etc
---
Madness
---
Dam big Billy sitting on the chain in its infancy for 20min
---
it will reach 99.990000000 % again in 126 days (assuming no more downtime of course)",0.5106,Positive,-0.7033,Negative
Bitcoin,"Heard it before, bought the dip before",Bitcoin's been crashing to new all time highs for over a decade. hmm you must be new here bro.,182,https://i.redd.it/bhmnzvuldfff1.jpeg,11,2025-07-27 14:16:55,"I‚Äôm so confused, I‚Äôm assuming you‚Äôre making fun of people who think it won‚Äôt crash, as it always does. People are crazy to expect historical patterns to change, and be so confident about it. It will happen eventually but I‚Äôm not putting my money on any particular bull run. Just hodl
---
This one time... https://youtu.be/XbZ8zDpX2Mg?si=UhrOkj5bSOwHR3Ks
---
Let em believe lol
---
The thing that people bought a share for one dollar... crash? Not the correct terminology.
---
Buttcoiners think BTC will crash since the BTC price was $1, lol it sucks for them to see how BTC keeps making new ATHs without signs of stopping yet.
---
I actually hope it does.
---
Lmao I just bought more myself üòÜüá∫üá∏ü¶Ö",0.0,Neutral,0.9088,Positive
Bitcoin,When you hit a block as a solo miner,,251,https://i.redd.it/33ulyry0neff1.jpeg,8,2025-07-27 11:46:26,"... already three, actually.
---
Make‚Äôem earn it and eat ü´è.
---
Nothing beats true love ‚ù§Ô∏è
---
damn the dude is adorable
---
2 girls 1 cup
---
hard not to love him
---
Psha",-0.4404,Negative,-0.8388,Negative
Bitcoin,"If Bitcoin was $300k today, I would still buy","The goal is to buy and keep, HODL for a reason",41,https://www.reddit.com/r/Bitcoin/comments/1mavys5/if_bitcoin_was_300k_today_i_would_still_buy/,17,2025-07-27 20:00:05,"I can sell you mine for $300k right now why wait I can help you
---
Me too
---
If it suddenly shot up that much in 24 hours I‚Äôd sell a portion of it

I‚Äôm 2x leveraged lol
---
This is the level of hopium that we need. More retail investors and less government and big cooperation.
---
I‚Äôd be taking profits
---
What about $301k?
---
Okay
---
Nope
---
Bitcoin under $1,000,000 is a good buy
---
Based on what I have learned over the past 11 years, I strongly believe that bitcoin is the hardest money and will continue its rise against all other money. Why would I sell when others are catching on and the dollar is being rapidly debased?",0.0,Neutral,0.9282,Positive
Bitcoin,God Candle painting,"Hey guys! Another Bitcoin painting in the streets for the first to take it home. 
This painting represents more than price action. It represents an awakening. The sense that something new and inevitable is rising non stop, not by force, but by consensus.
I chose to leave this piece at the Cristo Rei because it stands as a powerful symbol of faith. For a long time, I struggled with religion. I rejected it. But today, I no longer fight it. I‚Äôve made peace with it. I respect those who believe, and I acknowledge the transformative power that faith can have, even if I don‚Äôt fully share it nor understand it. Hope you like it.

Music credits: Richard

#bitcoin #godcandle #painting ",37,https://v.redd.it/ibpdwwrysgff1,4,2025-07-27 19:03:51,Another great piece! Keep going üü©‚¨ÜÔ∏è,0.9303,Positive,0.6588,Positive
Bitcoin,Isn‚Äôt it kind of insane that one forgotten passphrase can erase millions... forever?,"No other asset class vanishes like this. Stocks get inherited. Banks have backups. But one bad memory with BTC? Oblivion. That‚Äôs wild, just wondering lol.",243,https://www.reddit.com/r/Bitcoin/comments/1mahi1p/isnt_it_kind_of_insane_that_one_forgotten/,191,2025-07-27 08:50:57,"The dream of Pharaohs and pirates for millennia.
---
I do 2/3 Multi Sig all with metal backups (and passwords with easy hints in my notes for each password) + worse case scenario already have a fully signed transaction that sends my whole bag to River (which has my beneficiaries) 

Self custody with extra paranoia + extra insurance. Wouldn‚Äôt have it any other way. Certainly would sooner trust myself with this system than the government or a bank
---
It is insane. I think about this a lot.¬†

Everyone here has forgotten a password before. Everyone here has needed to reverse a transaction before.

With Bitcoin, there is ZERO tolerance for error. Yes, that‚Äôs what makes it secure. And yes, that‚Äôs what makes it unrealistic for many people to own. They want the ‚Äòfraud protection‚Äô.¬†

We‚Äôve all been there before. I‚Äôm hoping there‚Äôs a way in the future to maintain this security and decentralization while allowing SOME reversibility. Honestly, it‚Äôll increase adoption and become even more valuable.¬†
---
Same if you had cash and it‚Äôs lost, stolen or burned up. It breeds personal responsibility.
---
Not insane‚Ä¶ That‚Äôs the whole point of a decentralized system. 

It‚Äôs also not erased as the ledger holds the record of your transactions $.. it‚Äôs just stuck on the blockchain without a key.

It‚Äôs a whole lot better to rely on yourself than to rely on banks, people, or services to hold onto YOUR money. 
What stops banks, people or services from going under or getting hacked or having their data wiped? That can‚Äôt happen with blockchain and you are solely responsible. No one to blame, no one to ask when you need access to your money.
---
This is why you have your back up words. If you lose those as well, use anchor watch or a similar service. If you fuck that up, well, thanks for the donation üòÇ. Also Bitcoin fuctions this way because it's the one asset you can truly, beyond a reason of doubt, own. This is not so for all other assets.
---
I‚Äôd argue the value isn‚Äôt lost; the value of lost coins is transferred to all the other coins in circulation when supply is restricted.
---
That's why Goldman Sachs and JP Morgan now keep custody of your Bitcoin for fees. 

Fate it seems is not without a sense of irony...
---
""Banks have backups""  im not a bank, but i have backups.
---
Trezor holds it down",-0.4509,Negative,0.7421,Positive
Bitcoin,Incredible analysis by the Financial Times,,518,https://i.redd.it/f2jeicy9rcff1.png,68,2025-07-27 05:26:39,"Water is wet
---
my analysis says that bitcoin will go up and/or down
---
Fucking genius¬†
---
Damn, that is life changing advice.
---
My analysis says Bitcoin will rise in value as long as countries just print more money.
---
Manchester United would have won in they had scored more goals than Chelsea
---
The headline is clickbait, and the writer is a ""stubborn nocoiner"" as he calls himself in the article. The article is critical of the Citi report on Bitcoin, though the writer also has limited understanding of Bitcoin itself. Both ignore that it's just a superior asset to everything else out there. It's wonderful that 17 years after invention, Bitcoin still remains so misunderstood by the mainstream.
---
Financial Times is the new Forbes
---
How about this one:

FIAT will go down regardless of Bitcoin and your investments.
---
And people buy this toilet paper? Wow ü§©",0.0,Neutral,0.8469,Positive
Bitcoin,"If She don't get the vision, just vanish.",Anyone telling you to stop buying BTC should be kindly and quietly removed from your life. The future is digital.,68,https://i.redd.it/5v7r31p1ifff1.jpeg,1,2025-07-27 14:41:34,Bye Felicia.,0.067,Positive,0.0,Neutral
Solana,"Colosseum Codex: Block Assembly Marketplace, Sanctum Gateway, Snipost","**Source:** [https://blog.colosseum.com/colosseum-codex-block-assembly-marketplace-sanctum-gateway-snipost/](https://blog.colosseum.com/colosseum-codex-block-assembly-marketplace-sanctum-gateway-snipost/)

>Jito Block Assembly Marketplace BAM, Sanctum Gateway, Snipost Code Snippet Hub, QuickNode Webhooks, Realms v2

https://preview.redd.it/ryn0up2ze0ff1.png?width=960&format=png&auto=webp&s=532102920fe4036ef85d276308013f502e0bdfad

**Here's what's featured in this week's issue:**

* Jito Lab's Block Assembly Marketplace (BAM)
* Sanctum's Launches Gateway Transaction Control Center
* Snipost Code Snippet Hub for Solana developers
* QuickNode Introduces Webhooks
* Realms Releases v2 Governance Hub for Solana DAOs.¬†

# üì¶ Jito Block Assembly Marketplace

Jito Lab's BAM is a proposed block-building system for Solana that adds privacy, verifiability, and programmability to transaction sequencing without changing the base protocol.

BAM lets developers control and prove the ordering of their transactions privately so they can prevent toxic MEV and guarantee better execution for things like CLOBs and perps.

https://preview.redd.it/j3f77ah0f0ff1.png?width=1000&format=png&auto=webp&s=3b057385b6b51acf05271c7647e6213c4847899e

BAM processes a transaction by sending it first to a BAM Node, where it is filtered and ordered inside a Trusted Execution Environment. The node may insert transactions produced by a Plugin, then emits a cryptographic attestation of the final sequence.¬†

A BAM Validator running the updated Jito-Solana client executes that sequence and returns an attestation confirming it followed the instructions. These attestations are published, creating a public audit trail of ordering behavior.

BAM is composed of three core components that handle scheduling, execution, and customization:

* **BAM Nodes**: Scheduler nodes in TEEs that keep ordering private until execution and produce ordering proofs.
* **BAM Validators**: Validators using the upgraded client to execute node-provided bundles and attest to correct execution.
* **Plugins**: Programmable interfaces for custom sequencing logic that can collect fees.

Jito Labs will operate the first BAM Nodes. An initial set of alpha validators includes Triton One, SOL Strategies, Figment, Helius, and others.¬†

Early applications are already designing and testing Plugins. The near-term plan is to expand the operator set, grow the BAM Validator share toward roughly 30 percent of stake, and open source the code later in 2025, along with SDKs and tooling.

[**Introducing BAM: The Future of Block Building on Solana**](https://bam.dev/blog/introducing-bam/?ref=blog.colosseum.com)

# üöö Sanctum Gateway

Sanctum's Gateway is a transaction control center that lets teams manage how their Solana transactions are optimized and delivered, improving inclusion rates and fee efficiency without changing application code.

https://preview.redd.it/akye3om1f0ff1.png?width=1000&format=png&auto=webp&s=014df8293abb37c9772ea34739c53e5c4ee97a8d

Gateway runs in two stages:¬†

1. **Optimize:**¬†Gateway API converts raw payloads into sign-and-send-ready transactions, simulating usage, setting compute budgets, and calculating fees.¬†
2. **Delivery:**¬†Simultaneously routes transactions across multiple channels (RPCs, Triton, Jito Bundles, and others) to maximize the chance of landing, while handling priority fees and Jito tips.

Gateway was built by Sanctum with the newly acquired Ironforge team. Sanctum will operate the service, offering ‚Äúintegrate once, optimize anytime‚Äù so teams can adjust execution behavior through the dashboard rather than code changes.

Projects that depend on timely, cost-effective inclusion can ship faster and keep performance stable as demand spikes.

[**Introducing Sanctum Gateway, Solana‚Äôs Transaction Delivery Aggregator**](https://blog.sanctum.so/sanctum-gateway-solana-transaction-aggregator?ref=blog.colosseum.com)

# üîñ Snipost Code Snippet Hub

Snipost is a new SocialFi platform for Solana developers to document code, share work, and earn rewards in SOL. Developers can showcase progress, learn from real projects, and monetize contributions through tips and challenges.

https://preview.redd.it/08rjnnv4f0ff1.png?width=1000&format=png&auto=webp&s=494158d133a42aa1eca31c32be58ae73cda5c704

  
Developers create content in two formats.¬†

1. **Snippet Editor**: Captures a function or small block of code with a brief explanation.¬†
2. **Snap Editor**: Turns a build or concept into slide-style visuals.¬†

Posts are searchable by tag, date, or topic, with actions that include forking, commenting, bookmarking, and mentioning other developers.¬†

Snipost is live and the team positions it as a complement to GitHub and formal docs, not a replacement. Future growth centers on more curated content, challenges, and community-driven learning.

[**Snipost**](https://snipost.vercel.app/start?ref=blog.colosseum.com)

# üîî QuickNode Webhooks

QuickNode Webhooks is a serverless, pay-per-match alert tool that pushes filtered onchain events directly to your URL.¬†

Instead of running WebSocket listeners or custom indexers, you configure a webhook in the dashboard, point to an endpoint, and start receiving data immediately.¬†

Events are pushed to your endpoint the moment they match, with automatic retries and ordering that handle chain reorganizations so each payload arrives exactly once.

Pricing is pay-per-match so you only spend credits when your filter actually fires. Empty blocks or non-matching events cost nothing.

Webhooks make it easy to build trading bots, contract or wallet monitors, or real-time alerts without having to stitch together separate data feeds or infrastructure.

[**Introducing Webhooks: Real-Time Blockchain Data in Seconds**](https://blog.quicknode.com/introducing-webhooks/?ref=blog.colosseum.com)

# üó≥Ô∏è Realms v2

Realms v2 is a faster, cleaner governance hub for Solana DAOs.

https://preview.redd.it/0kgyk8x6f0ff1.png?width=1000&format=png&auto=webp&s=2be5f0c7916d8c3e9a86aa831e1c7fd0ab93573b

Each DAO now has a single headquarters page that surfaces Proposals, an Overview, Treasury, an Activity Leaderboard, and Program Upgrades without buried tabs or missing context.¬†

Voting includes participation heat maps so communities can see who voted, who didn‚Äôt, and how voting power moved on chain, making governance more transparent.

Key features:

* Unified DAO HQ with core modules (proposals, treasury, activity, upgrades)
* Participation heat maps for proposal votes
* Lightning-fast, structured UI built to scale

Roadmap items include profiles, achievements, and better discovery to make governance more visible and engaging. Access is gated for now and users can try it with the (limited) code¬†**ENTERV2.**

Realms positions this release as the start of a more versatile governance layer on Solana.

[**Realms v2 is live**](https://x.com/realmsdaos/status/1945536511438434308?ref=blog.colosseum.com)

# ‚ö° Quick Hits

[Solana SOL Merkle Distributor: Gas-Efficient Airdrop Program](https://www.cxalem.blog/posts/solana-merkletree-distributor?ref=blog.colosseum.com)¬†\- Alejandro Jos√©

[Engineering Velocity: Inside Anza‚Äôs Performance Team with Alessandro Decina](https://www.helius.dev/blog/solana-performance-engineering?ref=blog.colosseum.com)¬†\- Helius

[9 Projects from the Turbine MagicBlock Demo Day](https://x.com/magicblock/status/1946307997288018367?ref=blog.colosseum.com)¬†\- u/magicblock

[Ok But What Even Are PDAs? Deep Dive Into Solana‚Äôs Coolest Feature](https://medium.com/@kyanssharma10/ok-but-what-even-are-pdas-deep-dive-into-solanas-coolest-feature-152cca857bf2?ref=blog.colosseum.com)¬†\- Kyan\_novoyd

[Solana Account Model Explained | How On-Chain Data Works (video)](https://www.youtube.com/watch?v=1PxCAzZGGhk&ref=blog.colosseum.com)¬†\- bri

[Analyzing On-Chain Activity for Better Web3 Marketing](https://blog.getboost.so/analyzing-on-chain-activity-for-better-web3-marketing/?ref=boost-newsletter)¬†\- Boost

[How Huch Won the Breakout Hackathon Gaming University Prize using Codigo's Tools](https://x.com/CodigoPlatform/status/1946534987018166446?ref=blog.colosseum.com)¬†\- u/CodigoPlatform

[6 ""Build in Public"" Things You Can Post Every Day](https://x.com/_emjlin/status/1946260544924860738?ref=blog.colosseum.com)¬†\- @\_emjlin

# ‚öôÔ∏è Tools & Resources

[BlueShift](https://github.com/blueshift-gg/blueshift-dashboard?ref=blog.colosseum.com)¬†has open sourced its entire Solana developer education curriculum, so that developers and contributors can learn from it, improve it together, and help each other ship faster.

[executable-solana-deployer](https://github.com/Mantistc/executable-solana-deployer?ref=blog.colosseum.com)¬†is a Solana GUI Executable application for deploying programs, built entirely in Rust with an intuitive interface to deploy Solana programs.

[pinoc](https://github.com/A91y/pinoc?ref=blog.colosseum.com)¬†is a modern Rust CLI to scaffold and manage Solana Pinocchio programs with built-in build, deploy, and testing tools.

Two new Token22 transfer-hook examples include an¬†[allow/block list written in anchor](https://github.com/solana-developers/program-examples/tree/main/tokens/token-2022/transfer-hook/allow-block-list-token?ref=blog.colosseum.com)¬†that also comes with a UI to create new tokens and a¬†[Pinocchio blocklist](https://github.com/solana-developers/program-examples/tree/main/tokens/token-2022/transfer-hook/pblock-list?ref=blog.colosseum.com)¬†that comes with its own CLI.

[Coral XYZ Anchor for Dart](https://pub.dev/packages/coral_xyz?ref=blog.colosseum.com)¬†is a comprehensive Dart client for Anchor programs on Solana, bringing the power and ease of the TypeScript u/coral-xyz/anchor package to the Dart ecosystem.

[sbpf-asm-vault](https://github.com/bidhan-a/sbpf-asm-vault?ref=blog.colosseum.com)¬†is a Solana vault program written in sBPF Assembly that allows users to securely deposit and withdraw.

[pyth-price-feed-fetch](https://github.com/A91y/pyth-price-feed-fetch?ref=blog.colosseum.com)¬†is an example program to fetch the price of SOL/USD from the Pyth oracle network.

# üí∏ Funding

[Sanctum has acquired Ironforge](https://blockworks.co/news/sanctum-acquires-ironforge?ref=blog.colosseum.com)¬†in an undisclosed all-cash deal as it moves from a pure liquid staking token provider to a full-stack Solana infrastructure provider, with Ironforge‚Äôs architecture becoming the backbone of its transaction layer for apps.

# üë©‚Äçüîß Get Hired

* Tempo Trade is hiring a¬†[Rust Engineer and Fullstack Developer](https://x.com/Tempo_Trade/status/1947700996500820200?ref=blog.colosseum.com)
* SendAI is hiring a¬†[Software Engineer \[DevOps\]](https://jobs.solana.com/companies/sendai-2/jobs/54843263-software-engineer-devops?ref=blog.colosseum.com#content)
* BULK Labs is hiring a¬†[Core Engineer](https://jobs.solana.com/companies/bulk-labs/jobs/54826228-core-engineer?ref=blog.colosseum.com#content)
* Coinflow Labs is hiring a¬†[Senior Software Engineer](https://jobs.solana.com/companies/coinflow-labs/jobs/54597942-senior-software-engineer?ref=blog.colosseum.com#content)
* Ondo Finance is hiring a¬†[Senior Full-Stack Engineer (Web3)](https://jobs.solana.com/companies/ondo-finance/jobs/54411594-senior-full-stack-engineer-web3?ref=blog.colosseum.com#content)

# üéß Listen to This

# Devs At a Bar

Leo ([@L0STE\_](https://x.com/L0STE_?ref=blog.colosseum.com)) walks through his path from discovering crypto and learning to code, to contributing at Turbine and Metaplex, then launching Reflex (a new Solana stablecoin) and BlueShift to empower developers.¬†

The conversation centers on why education matters, how to make developers the protagonists of their own stories, and practical ways to reward open source work on Solana.

[**Interview with Leo**](https://www.youtube.com/watch?v=OdArXGK-2xc&ref=blog.colosseum.com)

Follow¬†[@mikehale](https://twitter.com/mikehale?ref=blog.colosseum.com)¬†on X or¬†[Warpcast](https://warpcast.com/mikehale?ref=blog.colosseum.com)!

# Thanks for reading ‚úåÔ∏è

I hope you found something useful here! If you have any suggestions or feedback just let me know what you think.",5,https://www.reddit.com/r/solana/comments/1m8x7ha/colosseum_codex_block_assembly_marketplace/,3,2025-07-25 11:58:07,"WARNING:
1) IMPORTANT, Read This Post To Keep Your Crypto Safe From Scammers: https://www.reddit.com/r/solana/comments/18er2c8/how_to_avoid_the_biggest_crypto_scams_and/
2) Do not trust DMs from anyone offering to help/support you with your funds (Scammers)!
3) Never give out your Seed Phrase and DO NOT ENTER it on ANY websites sent to you.
4) MODS or Community Managers will NEVER DM you first regarding your funds/wallet.
5) Keep Price Talk and chatter about specific meme coins to the ""Stickied"" Weekly Thread.


*I am a bot, and this action was performed automatically. Please [contact the moderators of this subreddit](/message/compose/?to=/r/solana) if you have any questions or concerns.*",0.9972,Positive,0.2937,Positive
Solana,"I lost ‚Ç¨16k trading meme coins. I feel trapped, alone, and I don‚Äôt know what to do anymore.","I‚Äôm 35, single, no real friends, and for the past 2 years I‚Äôve been deep into trading meme coins. At one point, I was up over ‚Ç¨100,000. I thought I had figured it out ‚Äî that maybe this was finally my break, my way out of a life that already felt pretty empty.

But I didn‚Äôt take profits. I held, I chased, I got greedy ‚Äî or maybe just hopeful. And now it‚Äôs all gone.

Worse, I‚Äôve gone below zero. I‚Äôve lost ‚Ç¨16,000 of my own savings trying to win it back. I kept thinking, *‚ÄúJust one more trade‚Ä¶ I‚Äôll recover it.‚Äù* But it‚Äôs just spiraled. I feel like I can‚Äôt stop. I‚Äôm not even trading to win anymore ‚Äî I‚Äôm trading because I don‚Äôt know what else to do with myself.

I know I should stop. People say it all the time. But stopping feels worse than losing ‚Äî because then I have to face everything else in my life: the loneliness, the time I‚Äôve wasted, the fact that I might have to start over with nothing.

I‚Äôm not here for sympathy ‚Äî I just needed to say this out loud to someone, somewhere. If anyone out there has been through this or is in it now, I‚Äôd appreciate hearing from you. Even if you don‚Äôt know what to say.

Thanks for reading.",440,https://www.reddit.com/r/solana/comments/1ma29ch/i_lost_16k_trading_meme_coins_i_feel_trapped/,426,2025-07-26 19:38:07,"WARNING:
1) IMPORTANT, Read This Post To Keep Your Crypto Safe From Scammers: https://www.reddit.com/r/solana/comments/18er2c8/how_to_avoid_the_biggest_crypto_scams_and/
2) Do not trust DMs from anyone offering to help/support you with your funds (Scammers)!
3) Never give out your Seed Phrase and DO NOT ENTER it on ANY websites sent to you.
4) MODS or Community Managers will NEVER DM you first regarding your funds/wallet.
5) Keep Price Talk and chatter about specific meme coins to the ""Stickied"" Weekly Thread.


*I am a bot, and this action was performed automatically. Please [contact the moderators of this subreddit](/message/compose/?to=/r/solana) if you have any questions or concerns.*
---
How does the number one rule always get looked past, never invest money you can‚Äôt afford to lose 100% of
---
Nearly everyone investing in crypto lost at some point. My advise would be stop chasing, stop trading and just start dca into bitcoin. Time in the market beats timing the market. You are still young and have enough time to make money!
---
Start new life and forget about memes its real gambling. No one will ever build a real life on gambling. U better start now (i know its hard) or regret after one year and found your self in more deep shit than it is now.. So act quickly no time to waste on gambling start something real something u love to do find a problem and build a product to solve that... Good luck ü§ù
---
The dildo of consequences rarely arrives lubed
---
Listen my man the exact feelings you mentioned is the exact same thing with gambling at the casinos (including online casinos). It all falls into the gambling category. Here is what happened: You had luck early on and did not realize how lucky you really were. You take it for granted. Same thing with the casino, someone starts spinning slots $2 a spin and hits for $6000. Based on everything you said this is a gambling addiction. You have to look at it this way: If you won the $100,000 and didn‚Äôt have this insane losing streak you would have just stayed in the never ending stressful cycle. Win lose win lose lose win lose win lose. It took a big loss for you to feel defeated. This is your chance to get out feeling so crushed. Trust me, get out. No more high risk meme trades however you did it. A similar thing happened to me with the online casinos. I would go down several thousand but then always somehow made a comeback. I fell for their algorithms that give me just enough to stay playing. This went on for 4-5 years straight. You don‚Äôt realize how much the roller coaster drains you mentally and how the dopamine is re-wiring your brain. The thing that made me quit was a crushing loss. That‚Äôs the worst mistake they ever made. They took me for $10,000 in two days. This was enough for me to say this is when I quit. It‚Äôs ruining my life. In your case it doesn‚Äôt seem like you are there just yet because you are mentioning possibly trying to make it back still flipping memes. I am trying to save you that step do not. I am so far past the gambling cycle I was in that now when I think about it‚Ä¶ someone couldn‚Äôt even hand me $5000 cash to go and get started again. I wouldn‚Äôt want to go through it again. Take this as the best lesson ever learned and your way out from gambling with memes. As the days and weeks go by you start feeling better and better. You seem pretty smart: Start investing for real and you will have your $16,000 in the blink of an eye. Create a portfolio and label it ‚ÄúMoney I didn‚Äôt spend on memes‚Äù. Keep investing every penny into it going forward. You will wake up every morning and look at that balance and it will fulfill that emptiness as the balance gets bigger and bigger. Be smart learn when to take profits. I‚Äôve been there and used gambling and making money thinking I had a system that works to balance all of the bad things going on in my life. Pick up a new hobby. Start a business, learn to program, start working out, become a beast at investing the right way. You got this man!
---
Just don't kill yourself
---
ChatGPT tells the best stories
---
Sorry to hear that man but a lil advice when you trade meme coins you gotta think that the money you put into that is already gone 

Trading meme coins is gambling theres no winning on that one 

Start a new life forget about it go to rehabilitation center if you have to
---
I've been there. Not with trading, but with life. And trust me, I think I know exactly how you feel. No hope, nothing in sight for the future. I was 50 when I fell into that rut. But for some reason, I just kept going. 12 years later after 5 years of development, I'm getting ready to launch my what I hope to be my last project. It took a long time,  too long,  but here I am,  still swinging and on the cusp of breaking out. If I can do it 60, i KNOW you can do it in your 30's. Never give up my friend.  EVER",-0.6823,Negative,0.9933,Positive
Solana,$TARS (Tars AI): The AI Backbone of Solana (Partnered with NVIDIA üëÄ),,2,https://youtu.be/L8p4EQESv9s,1,2025-07-27 19:12:08,"WARNING:
1) IMPORTANT, Read This Post To Keep Your Crypto Safe From Scammers: https://www.reddit.com/r/solana/comments/18er2c8/how_to_avoid_the_biggest_crypto_scams_and/
2) Do not trust DMs from anyone offering to help/support you with your funds (Scammers)!
3) Never give out your Seed Phrase and DO NOT ENTER it on ANY websites sent to you.
4) MODS or Community Managers will NEVER DM you first regarding your funds/wallet.
5) Keep Price Talk and chatter about specific meme coins to the ""Stickied"" Weekly Thread.


*I am a bot, and this action was performed automatically. Please [contact the moderators of this subreddit](/message/compose/?to=/r/solana) if you have any questions or concerns.*",0.0,Neutral,0.2937,Positive
Solana,Solana Is Secretly Buying These Crypto Coins üö® Top Solana Foundation Portfolio Picks,,2,https://youtu.be/Zrme1AH1n3g,1,2025-07-27 17:47:01,"WARNING:
1) IMPORTANT, Read This Post To Keep Your Crypto Safe From Scammers: https://www.reddit.com/r/solana/comments/18er2c8/how_to_avoid_the_biggest_crypto_scams_and/
2) Do not trust DMs from anyone offering to help/support you with your funds (Scammers)!
3) Never give out your Seed Phrase and DO NOT ENTER it on ANY websites sent to you.
4) MODS or Community Managers will NEVER DM you first regarding your funds/wallet.
5) Keep Price Talk and chatter about specific meme coins to the ""Stickied"" Weekly Thread.


*I am a bot, and this action was performed automatically. Please [contact the moderators of this subreddit](/message/compose/?to=/r/solana) if you have any questions or concerns.*",0.2023,Positive,0.2937,Positive
Solana,Bitcoin + Solana = Zeus Network ($ZEUS) | The Future of Cross-Chain Crypto?,,2,https://youtu.be/BgbHukVzdog,1,2025-07-27 19:12:35,"WARNING:
1) IMPORTANT, Read This Post To Keep Your Crypto Safe From Scammers: https://www.reddit.com/r/solana/comments/18er2c8/how_to_avoid_the_biggest_crypto_scams_and/
2) Do not trust DMs from anyone offering to help/support you with your funds (Scammers)!
3) Never give out your Seed Phrase and DO NOT ENTER it on ANY websites sent to you.
4) MODS or Community Managers will NEVER DM you first regarding your funds/wallet.
5) Keep Price Talk and chatter about specific meme coins to the ""Stickied"" Weekly Thread.


*I am a bot, and this action was performed automatically. Please [contact the moderators of this subreddit](/message/compose/?to=/r/solana) if you have any questions or concerns.*",0.0,Neutral,0.2937,Positive
Solana,I can't unstake my Solana,I was having a bit of fun and decided to stake a tiny amount of Solana but now idk why but it won't allow me to unstake. GPT said I had to not unstake everything and leave a bit for fees but Trust won't allow me to edit amount to unstake. Sorry if this is a dumb question lol im new here.,16,https://www.reddit.com/gallery/1ma927a,35,2025-07-27 00:45:34,"WARNING:
1) IMPORTANT, Read This Post To Keep Your Crypto Safe From Scammers: https://www.reddit.com/r/solana/comments/18er2c8/how_to_avoid_the_biggest_crypto_scams_and/
2) Do not trust DMs from anyone offering to help/support you with your funds (Scammers)!
3) Never give out your Seed Phrase and DO NOT ENTER it on ANY websites sent to you.
4) MODS or Community Managers will NEVER DM you first regarding your funds/wallet.
5) Keep Price Talk and chatter about specific meme coins to the ""Stickied"" Weekly Thread.


*I am a bot, and this action was performed automatically. Please [contact the moderators of this subreddit](/message/compose/?to=/r/solana) if you have any questions or concerns.*
---
WOW the APR that I get on Binance for SOL is 7% when I stake. What platform you using?
---
You need to keep enough left over to pay the network fee. This is one of the very first things you learn.

What you do is transfer SOL to the wallet so you can unstake. You staked like $18 of SOL for 2 days and didn‚Äôt even earn anything on it.  What are you even trying to do?
---
It‚Äôs 18$c just wait
---
Calm the farm! This is the reason why I do well with crypto because of these emotional yolo types. So thanks for that.
---
It just takes a bit but looks like you‚Äôre unstaking too soon why not just leave it? I got a number of sol via staking
---
Your available amount is less than lowest amount required
---
You might be better off asking r/trustwallet
---
üîí 2 days lock-in ‚Äî just enough to regret it halfway through
---
You need to add some more sol to pay gas fees to unstake",0.1285,Positive,0.8887,Positive
Solana,Are Meme Coins Still Worth Launching on Solana in 2025?,"Solana quickly became the go-to chain for launching fast, low-cost meme tokens
But as we‚Äôre in 2025, is it still worth creating meme coins on Solana, or has the hype peaked?
Let‚Äôs be real. The golden age of DOGE and SHIB may have set the blueprint and Coins like BONK, WIF, and MYRO proved that the meme meta is still very much alive.Curious to hear from devs, traders, and degen investors is it still worth the effort to build one, or is the meta shifting to something else? Because as a dev two years ago making meme coins was one the hottest things. Now I see that there's not a lot of market left. As a dev, you could spin up a token on Solana, and if the meme was strong enough, it could blow up overnight.But now, things feel different.The market seems more saturated.Hype cycles are shorter.As someone who has built and launched before, I‚Äôm debating whether to jump back into the meme coin game or focus on something else entirely.",1,https://www.reddit.com/r/solana/comments/1manlpk/are_meme_coins_still_worth_launching_on_solana_in/,19,2025-07-27 14:25:09,"WARNING:
1) IMPORTANT, Read This Post To Keep Your Crypto Safe From Scammers: https://www.reddit.com/r/solana/comments/18er2c8/how_to_avoid_the_biggest_crypto_scams_and/
2) Do not trust DMs from anyone offering to help/support you with your funds (Scammers)!
3) Never give out your Seed Phrase and DO NOT ENTER it on ANY websites sent to you.
4) MODS or Community Managers will NEVER DM you first regarding your funds/wallet.
5) Keep Price Talk and chatter about specific meme coins to the ""Stickied"" Weekly Thread.


*I am a bot, and this action was performed automatically. Please [contact the moderators of this subreddit](/message/compose/?to=/r/solana) if you have any questions or concerns.*
---
Jump back in. Alt season might come soon, so no reason not to.
---
What would you want out of creating a new coin?
---
Anything trending that‚Äôs is holding at the moment is good. 
Tik tok trend tokens 
Ai tokens 
You just have to look 

Note not all are the same you have too look at things like socials website etc. if it has a good marketcap but no activity in socials I wouldn‚Äôt touch it or if I did I would go in fully expecting to loose it. 

Solana is far better place for memes 
IMHO 

you‚Äôll find more opportunities in Solana with memes than you would on ETH or BNB imo.",0.9512,Positive,0.728,Positive
Solana,The Rise of Solana Virtual Machine: A Performance Revolution,,9,https://ecency.com/@thelastdash/the-rise-of-solana-virtual-machine-a-performance-revolution--bwv,1,2025-07-27 01:11:13,"WARNING:
1) IMPORTANT, Read This Post To Keep Your Crypto Safe From Scammers: https://www.reddit.com/r/solana/comments/18er2c8/how_to_avoid_the_biggest_crypto_scams_and/
2) Do not trust DMs from anyone offering to help/support you with your funds (Scammers)!
3) Never give out your Seed Phrase and DO NOT ENTER it on ANY websites sent to you.
4) MODS or Community Managers will NEVER DM you first regarding your funds/wallet.
5) Keep Price Talk and chatter about specific meme coins to the ""Stickied"" Weekly Thread.


*I am a bot, and this action was performed automatically. Please [contact the moderators of this subreddit](/message/compose/?to=/r/solana) if you have any questions or concerns.*",0.0,Neutral,0.2937,Positive
Solana,Does it make sense to deposit JupSOL into the Save pool?,"I see that it shows a staking APR of 7.79%, but its not clear if that's on top of the JupSOL APR itself",6,https://www.reddit.com/r/solana/comments/1macttg/does_it_make_sense_to_deposit_jupsol_into_the/,4,2025-07-27 04:02:31,"WARNING:
1) IMPORTANT, Read This Post To Keep Your Crypto Safe From Scammers: https://www.reddit.com/r/solana/comments/18er2c8/how_to_avoid_the_biggest_crypto_scams_and/
2) Do not trust DMs from anyone offering to help/support you with your funds (Scammers)!
3) Never give out your Seed Phrase and DO NOT ENTER it on ANY websites sent to you.
4) MODS or Community Managers will NEVER DM you first regarding your funds/wallet.
5) Keep Price Talk and chatter about specific meme coins to the ""Stickied"" Weekly Thread.


*I am a bot, and this action was performed automatically. Please [contact the moderators of this subreddit](/message/compose/?to=/r/solana) if you have any questions or concerns.*
---
yep, the 7.79% likely includes both the JupSOL staking yield \*and\* extra yield from the Save pool. so you‚Äôre stacking returns, not getting 7.79% on top of JupSOL. makes sense if you're okay with the extra risk from the lending side
---
I had the same question, turns out that 7.79% is just the regular staking yield from the underlying SOL via JupSOL. It‚Äôs not like you‚Äôre stacking extra yield on top, it‚Äôs just a more automated way of holding it and earning that rate without managing validators yourself",0.1341,Positive,0.7833,Positive
Solana,Any advantage of staking with phantom vs Jupiter?,So far i have been staking with Jupitor+Jito from cold wallet. Today there was a notification on phantom app that I can stake with Phantom and get PSOL. How does it work? It also mentions that the staking will be non-custodial(as if I were staking from cold wallet).,7,https://www.reddit.com/r/solana/comments/1ma0f2l/any_advantage_of_staking_with_phantom_vs_jupiter/,12,2025-07-26 18:21:44,"WARNING:
1) IMPORTANT, Read This Post To Keep Your Crypto Safe From Scammers: https://www.reddit.com/r/solana/comments/18er2c8/how_to_avoid_the_biggest_crypto_scams_and/
2) Do not trust DMs from anyone offering to help/support you with your funds (Scammers)!
3) Never give out your Seed Phrase and DO NOT ENTER it on ANY websites sent to you.
4) MODS or Community Managers will NEVER DM you first regarding your funds/wallet.
5) Keep Price Talk and chatter about specific meme coins to the ""Stickied"" Weekly Thread.


*I am a bot, and this action was performed automatically. Please [contact the moderators of this subreddit](/message/compose/?to=/r/solana) if you have any questions or concerns.*
---
PSOL - is liquid staking token with represents stake to Jupiter validator.   
Disadvantage  
\- you stake to one validator only.  
\- there is less opportunities use PSOL in DeFi then JitoSOL for example.

advantage - this validator offers high APY   


PSOL is not the worth LST but I personally prefer JitoSOL as the most tradable LST
---
What apy do are they offering? And what does your cold storage run currently
---
JitoSol is the better option (if you ask me). All benefits in‚Ä¶ it‚Äôs close to 15%. Plus, you‚Äôre basically betting on the Solana Chain, helping it work well, and getting rewarded for that.
---
not really, advantage would be going with another lst like inf for an APY nearer to 10% or looping for APY over 20%
---
Phantom offering PSOL for staking? Mobile staking just got spicy
---
I stake in phanton with native staking with an apy 7.65% is it good or is stil better psol?
---
Robinhood is at 7.35%",0.3313,Positive,0.9862,Positive
